{
	"format_version": "1.8.0",
	"animations": {
		"animation.kakapo.dance": {
			"loop": true,
			"animation_length": 1.4,
			"bones": {
				"head": {
					"position": {
						"0.0": [0, 0, 0],
						"0.16": [-0.5, -0.5, 0],
						"0.32": [0.1, -1, 0],
						"0.52": [0.7, -0.5, 0],
						"0.72": [0.1, 0, 0],
						"0.88": [-0.5, -0.5, 0],
						"1.08": [0.1, -1, 0],
						"1.24": [0.7, -0.5, 0],
						"1.4": [0, 0, 0]
					}
				},
				"wing_right": {
					"rotation": {
						"0.0": [0, -60, 0],
						"0.32": [62.42681, -74.9028, -37.3258],
						"0.64": [0, -60, 0],
						"0.96": [62.42681, -74.9028, -37.3258],
						"1.24": [-24.67544, -56.5941, 15.496],
						"1.4": [0, -60, 0]
					}
				},
				"wing_left": {
					"rotation": {
						"0.0": [0, 60, 0],
						"0.32": [62.42681, 74.90282, 37.32585],
						"0.64": [0, 60, 0],
						"0.96": [62.42681, 74.90282, 37.32585],
						"1.24": [-24.67544, 56.59405, -15.49596],
						"1.4": [0, 60, 0]
					}
				},
				"leg_right": {
					"position": {
						"0.4": [0, 0, 0],
						"0.52": [0, 0.5, 0],
						"0.64": [0, 0, 0],
						"1.12": [0, 0, 0],
						"1.24": [0, 0.5, 0],
						"1.36": [0, 0, 0]
					}
				},
				"leg_left": {
					"position": {
						"0.0": [0, 0, 0],
						"0.12": [0, 0.5, 0],
						"0.24": [0, 0, 0],
						"0.76": [0, 0, 0],
						"0.88": [0, 0.5, 0],
						"1.0": [0, 0, 0]
					}
				},
				"tail": {
					"rotation": {
						"0.0": [50, 0, 0],
						"0.32": [26.25, 0, 1],
						"0.72": [42.5, 0, 0],
						"1.04": [26.25, 0, -1],
						"1.4": [50, 0, 0]
					}
				}
			}
		},
		"animation.kakapo.preening": {
			"animation_length": 1.4,
			"bones": {
				"head": {
					"rotation": {
						"0.0": [0, 0, 0],
						"0.4": [104.73328, 64.47149, 99.39961],
						"0.56": [83.19956, 65.3616, 81.77373],
						"0.92": [104.73328, 64.47149, 99.39961],
						"1.12": [76.19956, 65.3616, 81.77373],
						"1.36": [0, 0, 0]
					},
					"position": {
						"0.0": [0, 0, 0],
						"0.16": [-0.5, -0.5, 0],
						"0.32": [0.1, -1, 0],
						"0.52": [0.7, -0.5, 0],
						"0.72": [0.1, 0, 0],
						"0.88": [-0.5, -0.5, 0],
						"1.08": [0.1, -1, 0],
						"1.24": [0.7, -0.5, 0],
						"1.4": [0, 0, 0]
					}
				},
				"wing_right": {
					"rotation": {
						"0.0": [0, -60, 0],
						"0.32": [62.42681, -74.9028, -37.3258],
						"0.64": [0, -60, 0],
						"0.96": [62.42681, -74.9028, -37.3258],
						"1.24": [-24.67544, -56.5941, 15.496],
						"1.4": [0, -60, 0]
					}
				},
				"wing_left": {
					"rotation": {
						"0.0": [0, 60, 0],
						"0.32": [62.42681, 74.90282, 37.32585],
						"0.64": [0, 60, 0],
						"0.96": [62.42681, 74.90282, 37.32585],
						"1.24": [-24.67544, 56.59405, -15.49596],
						"1.4": [0, 60, 0]
					}
				},
				"leg_right": {
					"position": {
						"0.4": [0, 0, 0],
						"0.52": [0, 0.5, 0],
						"0.64": [0, 0, 0],
						"1.12": [0, 0, 0],
						"1.24": [0, 0.5, 0],
						"1.36": [0, 0, 0]
					}
				},
				"leg_left": {
					"position": {
						"0.0": [0, 0, 0],
						"0.12": [0, 0.5, 0],
						"0.24": [0, 0, 0],
						"0.76": [0, 0, 0],
						"0.88": [0, 0.5, 0],
						"1.0": [0, 0, 0]
					}
				},
				"tail": {
					"rotation": {
						"0.0": [117.5, 0, 0],
						"0.32": [26.25, 0, 1],
						"0.72": [42.5, 0, 0],
						"1.04": [26.25, 0, -1],
						"1.4": [117.5, 0, 0]
					}
				}
			}
		},
		"animation.kakapo.flapping": {
			"loop": true,
			"animation_length": 0.68,
			"bones": {
				"head": {
					"rotation": [12.5, 0, 0]
				},
				"wing_right": {
					"rotation": {
						"0.0": [0, -60, 0],
						"0.16": [50.42681, -74.9028, -37.3258],
						"0.32": [0, -60, 0],
						"0.48": [50.42681, -74.9028, -37.3258],
						"0.68": [0, -60, 0]
					}
				},
				"wing_left": {
					"rotation": {
						"0.0": [1, 60, 0],
						"0.16": [49.42681, 74.9028, 37.3258],
						"0.32": [1, 60, 0],
						"0.48": [49.42681, 74.9028, 37.3258],
						"0.68": [1, 60, 0]
					}
				},
				"leg_right": {
					"rotation": {
						"0.0": [-18, 0, 0],
						"0.12": [-16, 0, 0],
						"0.28": [-20, 0, 0],
						"0.48": [-11, 0, 0],
						"0.68": [-18, 0, 0]
					}
				},
				"leg_left": {
					"rotation": {
						"0.0": [-18, 0, 0],
						"0.16": [-10, 0, 0],
						"0.36": [-19, 0, 0],
						"0.56": [-12, 0, 0],
						"0.68": [-18, 0, 0]
					}
				},
				"tail": {
					"rotation": {
						"0.0": [50, 0, 0],
						"0.12": [24.25, 0, 1],
						"0.32": [42.5, 0, 0],
						"0.48": [24.25, 0, -1],
						"0.68": [50, 0, 0]
					}
				}
			}
		},
		"animation.kakapo.sitting": {
			"loop": true,
			"animation_length": 0.24,
			"bones": {
				"head": {
					"position": {
						"0.0": [0, 0, 0],
						"0.24": [0, 0, 0]
					}
				},
				"body": {
					"position": {
						"0.0": [0, -1, 0],
						"0.24": [0, -1, 0]
					}
				},
				"wing_right": {
					"rotation": [-7.5, 0, 0]
				},
				"wing_left": {
					"rotation": [-7.5, 0, 0]
				},
				"leg_right": {
					"position": [0, 1.1, 0]
				},
				"leg_left": {
					"position": [0, 1.1, 0]
				}
			}
		},
		"animation.kakapo.walking": {
			"loop": true,
			"animation_length": 1.4,
			"bones": {
				"head": {
					"rotation": {
						"0.0": [0, 0, 0],
						"0.36": [0, -3, 0],
						"0.72": [0, 0, 0],
						"1.08": [0, 3, 0],
						"1.4": [0, 0, 0]
					},
					"position": [0, 0.5, 0]
				},
				"leg_right": {
					"rotation": {
						"0.0": [0, 0, 0],
						"0.64": [0, 0, 0],
						"0.84": [-10.5, 0, 0],
						"1.08": [-1.32, 0, 0],
						"1.4": [0, 0, 0]
					},
					"position": {
						"0.0": [0, 0, 0],
						"0.44": [0, 0.43, 1.09],
						"1.08": [0, -0.55, -1.4],
						"1.4": [0, 0, 0]
					}
				},
				"leg_left": {
					"rotation": {
						"0.0": [0, 0, 0],
						"0.2": [-10.5, 0, 0],
						"0.4": [-1.32, 0, 0],
						"0.64": [0, 0, 0],
						"1.08": [-0.5, 0, 0],
						"1.4": [0, 0, 0]
					},
					"position": {
						"0.0": [0, 0, 0],
						"0.4": [0, -0.55, -1.4],
						"0.64": [-0.2, -0.43, -1.09],
						"1.08": [0, 0, 0],
						"1.4": [0, 0, 0]
					}
				},
				"kakapo": {
					"rotation": {
						"0.0": [0, 0, 0],
						"0.44": [0, 4, 0],
						"0.72": [0, 0, 0],
						"1.04": [0, -4, 0],
						"1.4": [0, 0, 0]
					}
				},
				"wing_right": {
					"rotation": [0, -7.5, 0]
				},
				"wing_left": {
					"rotation": [0, 7.5, 0]
				}
			}
		},
		"animation.kakapo.running": {
			"loop": true,
			"animation_length": 0.72,
			"override_previous_animation": true,
			"bones": {
				"head": {
					"rotation": {
						"0.0": [0, 0, 0],
						"0.2": [0, -3, 0],
						"0.36": [0, 0, 0],
						"0.52": [0, 3, 0],
						"0.72": [0, 0, 0]
					},
					"position": {
						"0.0": [0, -1, -1],
						"0.28": [0, -1.45, -1],
						"0.48": [0, -1.7, -1],
						"0.72": [0, -1, -1]
					}
				},
				"leg_right": {
					"rotation": {
						"0.0": [0, 0, 0],
						"0.28": [0, 0, 0],
						"0.4": [-10.5, 0, 0],
						"0.56": [-1.32, 0, 0],
						"0.72": [0, 0, 0]
					},
					"position": {
						"0.0": [0, 0, 0],
						"0.16": [0, 0.43, 1.09],
						"0.56": [0, -0.55, -1.4],
						"0.72": [0, 0, 0]
					}
				},
				"leg_left": {
					"rotation": {
						"0.0": [0, 0, 0],
						"0.16": [-10.5, 0, 0],
						"0.28": [-1.32, 0, 0],
						"0.44": [0, 0, 0],
						"0.56": [-0.5, 0, 0],
						"0.72": [0, 0, 0]
					},
					"position": {
						"0.0": [0, 0, 0],
						"0.28": [0, -0.55, -1.4],
						"0.44": [-0.2, -0.43, -1.09],
						"0.56": [0, 0, 0],
						"0.72": [0, 0, 0]
					}
				},
				"kakapo": {
					"rotation": {
						"0.0": [0, 0, 0],
						"0.2": [0, 4, 0],
						"0.36": [0, 0, 0],
						"0.52": [0, -4, 0],
						"0.72": [0, 0, 0]
					},
					"position": {
						"0.0": [0, 0, 0],
						"0.36": [0, 0.4, 0],
						"0.68": [0, 0, 0]
					}
				},
				"wing_right": {
					"rotation": {
						"0.0": [0, -10, 0],
						"0.16": [20, -25, -15],
						"0.32": [0, -5, 0],
						"0.52": [20, -25, -15],
						"0.72": [0, -10, 0]
					}
				},
				"wing_left": {
					"rotation": {
						"0.0": [0, 10, 0],
						"0.16": [20, 25, 15],
						"0.32": [0, 5, 0],